{"cameraMode":{"drawMode":0,"name":"Shaded","section":"Shading Mode"},"sceneLighting":true,"audioPlay":false,"sceneViewState":{"showFog":true,"showMaterialUpdate":false,"showSkybox":true,"showFlares":true,"showImageEffects":true,"showParticleSystems":true},"in2DMode":false,"pivot":{"x":0.0,"y":-0.10300000011920929,"z":0.2590000033378601},"rotation":{"x":-0.7186886668205261,"y":0.003201698884367943,"z":-0.0031690187752246858,"w":-0.6953582167625427},"size":0.4756481945514679,"orthographic":true}