{"cameraMode":{"drawMode":0,"name":"Shaded","section":"Shading Mode"},"sceneLighting":true,"audioPlay":false,"sceneViewState":{"showFog":true,"showMaterialUpdate":false,"showSkybox":true,"showFlares":true,"showImageEffects":true,"showParticleSystems":true},"in2DMode":false,"pivot":{"x":-0.20049235224723817,"y":-0.7249002456665039,"z":0.5066730976104736},"rotation":{"x":0.43392428755760195,"y":-0.33925947546958926,"z":0.18065212666988374,"w":0.8148762583732605},"size":7.62569522857666,"orthographic":false}